Total_Customers,Churn_Rate_%,Total_Monthly_Revenue,Revenue_Lost,Revenue_Loss_%
7043,26.536987079369588,456116.6,139130.84999999998,30.503351555282133
